"Reference","Value","Footprint","Description","Distributor 1","Distributor 1 PN","Notes","Qty"
"SM1","Logo_Open_Hardware_Small","GeneralPurposeAlarmDevicePCB:Logo_PI_BandW_70percent_10x10","","","","","1"
"A1","Arduino_UNO_R3 with uUSB and Cable","GeneralPurposeAlarmDevicePCB:Arduino_UNO_R3_NoMountingHoles3D_Text_Top_&_Bottom","Arduino UNO EXCEPT with micro USB","Aliexpress","https://www.aliexpress.us/item/3256802931453542.html","ORDER WITH CABLE","1"
"Cable_MoldedFemale1","Cable_02x06_Female","","807 Square 6-Way Trailer Wiring Harness Connectors,6 pin Square Trailer Wire Extension for LED Brake Tailgate Light Bars,Hitch Light Trailer Wiring Harness Extension Connector (6 Way-Socket)","Amazon","Female 1/2 of connector   https://www.amazon.com/CARROFIX-Trailer-Extension-18-Gauge-Connector/dp/B08B4PBGGR/ref=pd_rhf_sc_s_pd_sbs_rvi_sccl_2_2/143-1165672-2295435?pd_rd_w=kDmfp&content-id=amzn1.sym.a089f039-4dde-401a-9041-8b534ae99e65&pf_rd_p=a089f039-4dde-401a-9041-8b534ae99e65&pf_rd_r=PCAV2TADV1JJ3C7024GA&pd_rd_wg=SPJ6E&pd_rd_r=8c2f6136-4fd7-4d2d-88f4-ff46d8ab807b&pd_rd_i=B08B4PBGGR&th=1","","1"
"Cable_MoldedMale1","Cable_02x06_Male","","Cable_02x06_Male","Amazon","Male 1/2 of connector   https://www.amazon.com/CARROFIX-Trailer-Extension-18-Gauge-Connector/dp/B08B4PBGGR/ref=pd_rhf_sc_s_pd_sbs_rvi_sccl_2_2/143-1165672-2295435?pd_rd_w=kDmfp&content-id=amzn1.sym.a089f039-4dde-401a-9041-8b534ae99e65&pf_rd_p=a089f039-4dde-401a-9041-8b534ae99e65&pf_rd_r=PCAV2TADV1JJ3C7024GA&pd_rd_wg=SPJ6E&pd_rd_r=8c2f6136-4fd7-4d2d-88f4-ff46d8ab807b&pd_rd_i=B08B4PBGGR&th=1","","1"
"Cable_Ribbon1","Cable_02x05","","Cable_02x05","Amazon","https://www.amazon.com/gp/product/B01DP13EDA/ref=ox_sc_saved_title_2?smid=A64W1E1ZZHST0&th=1","","1"
"MF1","CAP TACTILE ROUND IVORY 6.00mm Dia ","B32-2000","Round Tactile Switch Cap Ivory Slip On, 6.00mm Dia x 5.50mm H","Digikey","Z6127-ND","For Black use: SW1139-ND","1"
"MF2","CAP TACTILE ROUND IVORY 6.00mm Dia ","B32-2000","Round Tactile Switch Cap Ivory Slip On, 6.00mm Dia x 5.50mm H","Digikey","Z6127-ND","For Black use: SW1139-ND","1"
"MF3","CAP TACTILE ROUND IVORY 6.00mm Dia ","B32-2000","Round Tactile Switch Cap Ivory Slip On, 6.00mm Dia x 5.50mm H","Digikey","Z6127-ND","For Black use: SW1139-ND","1"
"TP1","TP_GND","TestPoint:TestPoint_Loop_D2.54mm_Drill1.5mm_Beaded","Blue PC Test Point, Miniature Phosphor Bronze Silver Plating Through Hole Mounting Type","Digikey","36-5117-ND","","1"
"TP2","TP_GND","TestPoint:TestPoint_Loop_D2.54mm_Drill1.5mm_Beaded","Blue PC Test Point, Miniature Phosphor Bronze Silver Plating Through Hole Mounting Type","Digikey","36-5117-ND","","1"
"BZ1","Buzzer_D12mm_H9.6mm_LS7.6mm","GeneralPurposeAlarmDevicePCB:Buzzer_12.2mm_9.7mm_7.62mm","","JLCPCB","C360615","","1"
"C1","0.1uF","Capacitor_SMD:C_0603_1608Metric_Pad1.08x0.95mm_HandSolder","50V 100nF X7R ±10% 0603 Multilayer Ceramic Capacitors MLCC - SMD/SMT ROHS","JLCPCB","C14663","","1"
"D1","Schottky 2A","Diode_SMD:D_SMB","","JLCPCB","C14996","","1"
"F1","Polyfuse 6A","GeneralPurposeAlarmDevicePCB:Fuse_BSMD_1812","16V 3A 40A 6A 1812 Resettable Fuses ROHS","JLCPCB","C883162","","1"
"J1","Barrel_Jack_Switch_SMT","GeneralPurposeAlarmDevicePCB:BarrelJack_CLIFF_FC681465S_SMT_Horizontal","Power Barrel Connector Jack 2.10mm ID (0.083""), 5.50mm OD (0.217"") Surface Mount, Right Angle","JLCPCB","C319134","","1"
"J2","HS96L03W2C03_0.96_Oled","GeneralPurposeAlarmDevicePCB:OLED_HS96L03W2C03_0.96_WithNuts","OLED Displays Modules ROHS","JLCPCB","C5248080","","1"
"J5","Conn_02x05_Odd_Even","Connector_IDC:IDC-Header_2x05_P2.54mm_Vertical","2.54mm Straight 2x5P 5 Push - Pull 2.54mm 2 Plugin,P=2.54mm IDC Connectors ROHS","JLCPCB","C5665","","1"
"J6","Screw_Terminal_01x06","GeneralPurposeAlarmDevicePCB:1x6P 20A -40℃~+105℃ 300V Green 12~30 Straight pin 5.08mm 2.5 1 6 Plugin,P=5.08mm Screw terminal ROHS","1x6P -40℃~+105℃ 8A 130V Green 18~26 Straight 2.54mm 1 1 6 Plugin,P=2.54mm Screw terminal ROHS","JLCPCB","C474924","","1"
"J9","Screw_Terminal_01x06","GeneralPurposeAlarmDevicePCB:1x6P 20A -40℃~+105℃ 300V Green 12~30 Straight pin 5.08mm 2.5 1 6 Plugin,P=5.08mm Screw terminal ROHS","1x6P -40℃~+105℃ 8A 130V Green 18~26 Straight 2.54mm 1 1 6 Plugin,P=2.54mm Screw terminal ROHS","JLCPCB","C474924","","1"
"J10","Conn_02x05_Odd_Even","Connector_IDC:IDC-Header_2x05_P2.54mm_Vertical","2.54mm Straight 2x5P 5 Push - Pull 2.54mm 2 Plugin,P=2.54mm IDC Connectors ROHS","JLCPCB","C5665","","1"
"J11","Screw_Terminal_01x02","TerminalBlock_TE-Connectivity:TerminalBlock_TE_282834-2_1x02_P2.54mm_Horizontal","1x2P 20A -40℃~+105℃ 300V Green 12~30 Straight pin 5.08mm 2.5 1 2 Plugin,P=5.08mm Screw terminal ROHS","JLCPCB","C2915639","","1"
"MF4","SMD_round_nut_M2*4*5+1.5","TH162050CTJ","","JLCPCB","C3020130","","1"
"MF5","SMD_round_nut_M2*4*5+1.5","TH162050CTJ","","JLCPCB","C3020130","","1"
"MF6","SMD_round_nut_M2*4*5+1.5","TH162050CTJ","","JLCPCB","C3020130","","1"
"MF8","SMD_round_nut_M2*4*5+1.5","TH162050CTJ","","JLCPCB","C3020130","","1"
"MF12","250V 3A Straight Square Pins 2.5mm 4P 6mm -40℃~+105℃ 3mm 2.54mm Plugin Black 1x4P Plugin,P=2.54mm Pin Headers ROHS","PZ254V-11-04P","","JLCPCB","C2691448","","1"
"Q1","IRF540N","Package_TO_SOT_THT:TO-220-3_Horizontal_TabDown","100V 33A 44mΩ@10V,16A 130W N Channel TO-220 MOSFETs ROHS","JLCPCB","C2566","","1"
"Q2","BSS138","Package_TO_SOT_SMD:SOT-23","N-Channel Enhancement Mode Field Effect Transistor","JLCPCB","C400505","","1"
"R1","1R","Resistor_SMD:R_0603_1608Metric_Pad0.98x0.95mm_HandSolder","0.1W ±5% 1Ω 0603 Chip Resistor - Surface Mount ROHS","JLCPCB","C269434","","1"
"R2","DNI","Resistor_SMD:R_0603_1608Metric_Pad0.98x0.95mm_HandSolder","0.1W ±1% 1kΩ 0603 Chip Resistor - Surface Mount ROHS","JLCPCB","C269704","","1"
"R3","1K","Resistor_SMD:R_0603_1608Metric_Pad0.98x0.95mm_HandSolder","0.1W ±1% 1kΩ 0603 Chip Resistor - Surface Mount ROHS","JLCPCB","C269704","","1"
"R4","1K","Resistor_SMD:R_0603_1608Metric_Pad0.98x0.95mm_HandSolder","0.1W ±1% 1kΩ 0603 Chip Resistor - Surface Mount ROHS","JLCPCB","C269704","","1"
"R5","1K","Resistor_SMD:R_0603_1608Metric_Pad0.98x0.95mm_HandSolder","0.1W ±1% 1kΩ 0603 Chip Resistor - Surface Mount ROHS","JLCPCB","C269704","","1"
"R6","1K","Resistor_SMD:R_0603_1608Metric_Pad0.98x0.95mm_HandSolder","0.1W ±1% 1kΩ 0603 Chip Resistor - Surface Mount ROHS","JLCPCB","C269704","","1"
"R7","1R","Resistor_SMD:R_0603_1608Metric_Pad0.98x0.95mm_HandSolder","0.1W ±5% 1Ω 0603 Chip Resistor - Surface Mount ROHS","JLCPCB","C269434","","1"
"R9","1K","Resistor_SMD:R_0603_1608Metric_Pad0.98x0.95mm_HandSolder","0.1W ±1% 1kΩ 0603 Chip Resistor - Surface Mount ROHS","JLCPCB","C269704","","1"
"R10","10K","Resistor_SMD:R_0603_1608Metric_Pad0.98x0.95mm_HandSolder","100mW ±1% 10kΩ 0603 Chip Resistor - Surface Mount ROHS","JLCPCB","C269701","","1"
"SW1","6mm 2 Pin Tact NO Breadboard Friendly","GeneralPurposeAlarmDevicePCB:Switch_Tactile_THT_6x6mm","","JLCPCB","C87037","","1"
"SW2","6mm 2 Pin Tact NO Breadboard Friendly","GeneralPurposeAlarmDevicePCB:Switch_Tactile_THT_6x6mm","","JLCPCB","C87037","","1"
"SW3","6mm 2 Pin Tact NO Breadboard Friendly","GeneralPurposeAlarmDevicePCB:Switch_Tactile_THT_6x6mm","","JLCPCB","C87037","","1"
"U1","TMP36GRTZ-REEL7","Package_TO_SOT_SMD:SOT-23-5","","JLCPCB","C129489","","1"
"MF7","Steel Pan Head Phillips Screw M2 x 0.4 mm Thread, 6 mm Long","","","McMaster Carr","92005A023","","1"
"MF9","Steel Pan Head Phillips Screw M2 x 0.4 mm Thread, 6 mm Long","","","McMaster Carr","92005A023","","1"
"MF10","Steel Pan Head Phillips Screw M2 x 0.4 mm Thread, 6 mm Long","","","McMaster Carr","92005A023","","1"
"MF11","Steel Pan Head Phillips Screw M2 x 0.4 mm Thread, 6 mm Long","","","McMaster Carr","92005A023","","1"
"H1","MountingHole_Pad_3.5mm","GeneralPurposeAlarmDevicePCB:MountingHole_3.5mm_Pad_Via","MountingHole_Pad_3.5mm","NA","NA","","1"
"H2","MountingHole_Pad_3.5mm","GeneralPurposeAlarmDevicePCB:MountingHole_3.5mm_Pad_Via","MountingHole_Pad_3.5mm","NA","NA","","1"
"H3","MountingHole_Pad_3.5mm","GeneralPurposeAlarmDevicePCB:MountingHole_3.5mm_Pad_Via","MountingHole_Pad_3.5mm","NA","NA","","1"
"H4","MountingHole_Pad_3.5mm","GeneralPurposeAlarmDevicePCB:MountingHole_3.5mm_Pad_Via","MountingHole_Pad_3.5mm","NA","NA","","1"
"H5","MountingHole_Pad_3.5mm","GeneralPurposeAlarmDevicePCB:MountingHole_3.5mm_Pad_Via","MountingHole_Pad_3.5mm","NA","NA","","1"
"H6","MountingHole_Pad_3.5mm","GeneralPurposeAlarmDevicePCB:MountingHole_3.5mm_Pad_Via","MountingHole_Pad_3.5mm","NA","NA","","1"
"R8","Heater","","Heating Pad - 5x10cm","Sparkfun","COM-11288","","1"
